<?xml version="1.0" encoding="utf-8"?><feed xmlns="http://www.w3.org/2005/Atom" ><generator uri="https://jekyllrb.com/" version="3.8.1">Jekyll</generator><link href="http://localhost:4000/feed.xml" rel="self" type="application/atom+xml" /><link href="http://localhost:4000/" rel="alternate" type="text/html" /><updated>2018-06-11T20:25:28+01:00</updated><id>http://localhost:4000/</id><title type="html">Feel at home in your local pub</title><subtitle>Your local is about proper pubs, the perfect place to meet friends, dine with the family or just a home from home with great beers.</subtitle><author><name>Design &amp; Develpment by James Goldsworthy for Punch</name></author><entry><title type="html">Bull &amp;amp; Dog hosts Vespa Club music weekender</title><link href="http://localhost:4000/2018/06/Bull-&-Dog-Vespa-Club-Music-Weekend.html" rel="alternate" type="text/html" title="Bull &amp; Dog hosts Vespa Club music weekender" /><published>2018-06-11T15:00:30+01:00</published><updated>2018-06-11T15:00:30+01:00</updated><id>http://localhost:4000/2018/06/Bull%20&amp;%20Dog%20Vespa%20Club%20Music%20Weekend</id><content type="html" xml:base="http://localhost:4000/2018/06/Bull-&amp;-Dog-Vespa-Club-Music-Weekend.html">&lt;p&gt;Last month the Bull &amp;amp; Dog in Burscough played host to the Vespa Club of Wigan’s Dancing in Your Wellies weekend – raising £200 for charity in the process!&lt;/p&gt;

&lt;p&gt;The event took place on Friday 18th May to Sunday 20th May with live bands and dozens of scooters in attendance.
Northern soul and ska was the soundtrack to the weekend, with many of the crowd camping out in tents and camper vans over the course of the three-day event.&lt;/p&gt;

&lt;p&gt;A total of just over £200 was raised from the event, with proceeds going to Just B.U – a charity for adults with learning disabilities.&lt;/p&gt;</content><author><name>Jake</name></author><category term="our-local" /><summary type="html">Last month the Bull &amp;amp; Dog in Burscough played host to the Vespa Club of Wigan’s Dancing in Your Wellies weekend – raising £200 for charity in the process! The event took place on Friday 18th May to Sunday 20th May with live bands and dozens of scooters in attendance. Northern soul and ska was the soundtrack to the weekend, with many of the crowd camping out in tents and camper vans over the course of the three-day event. A total of just over £200 was raised from the event, with proceeds going to Just B.U – a charity for adults with learning disabilities.</summary></entry><entry><title type="html">Monday - Book Club</title><link href="http://localhost:4000/pubs/the-bull-and-dog-ormskirk/whats-on/monday.html" rel="alternate" type="text/html" title="Monday - Book Club" /><published>2018-05-07T12:14:30+01:00</published><updated>2018-05-07T12:14:30+01:00</updated><id>http://localhost:4000/pubs/the-bull-and-dog-ormskirk/whats-on/Monday</id><content type="html" xml:base="http://localhost:4000/pubs/the-bull-and-dog-ormskirk/whats-on/monday.html">&lt;h2&gt;Join us for Monday - Book Club&lt;/h2&gt;</content><author><name>Design &amp; Develpment by James Goldsworthy for Punch</name></author><category term="ROTW" /><category term="Monday" /><category term="the-bull-and-dog-ormskirk" /><summary type="html">Join us for Monday - Book Club</summary></entry><entry><title type="html">Tuesday - Quiz Night</title><link href="http://localhost:4000/pubs/the-bull-and-dog-ormskirk/whats-on/tuesday.html" rel="alternate" type="text/html" title="Tuesday - Quiz Night" /><published>2018-05-06T12:14:30+01:00</published><updated>2018-05-06T12:14:30+01:00</updated><id>http://localhost:4000/pubs/the-bull-and-dog-ormskirk/whats-on/Tuesday</id><content type="html" xml:base="http://localhost:4000/pubs/the-bull-and-dog-ormskirk/whats-on/tuesday.html">&lt;h2&gt;Join us for Tuesday - Quiz Night&lt;/h2&gt;</content><author><name>Design &amp; Develpment by James Goldsworthy for Punch</name></author><category term="ROTW" /><category term="Tuesday" /><category term="the-bull-and-dog-ormskirk" /><summary type="html">Join us for Tuesday - Quiz Night</summary></entry><entry><title type="html">Wednesday - Steak &amp;amp; Wine</title><link href="http://localhost:4000/pubs/the-bull-and-dog-ormskirk/whats-on/wednesday.html" rel="alternate" type="text/html" title="Wednesday - Steak &amp; Wine" /><published>2018-05-02T12:14:30+01:00</published><updated>2018-05-02T12:14:30+01:00</updated><id>http://localhost:4000/pubs/the-bull-and-dog-ormskirk/whats-on/Wednesday</id><content type="html" xml:base="http://localhost:4000/pubs/the-bull-and-dog-ormskirk/whats-on/wednesday.html">&lt;h2&gt;Join us for Wednesday - Steak &amp;amp; Wine&lt;/h2&gt;</content><author><name>Design &amp; Develpment by James Goldsworthy for Punch</name></author><category term="ROTW" /><category term="Monday" /><category term="the-bull-and-dog-ormskirk" /><summary type="html">Join us for Wednesday - Steak &amp;amp; Wine</summary></entry><entry><title type="html">Thursday - Tea Time Tipple</title><link href="http://localhost:4000/pubs/the-bull-and-dog-ormskirk/whats-on/thursday.html" rel="alternate" type="text/html" title="Thursday - Tea Time Tipple" /><published>2018-05-02T12:14:30+01:00</published><updated>2018-05-02T12:14:30+01:00</updated><id>http://localhost:4000/pubs/the-bull-and-dog-ormskirk/whats-on/Thursday</id><content type="html" xml:base="http://localhost:4000/pubs/the-bull-and-dog-ormskirk/whats-on/thursday.html">&lt;h2&gt;Join us for Thursday - Tea Time Tipple&lt;/h2&gt;</content><author><name>Design &amp; Develpment by James Goldsworthy for Punch</name></author><category term="ROTW" /><category term="Monday" /><category term="the-bull-and-dog-ormskirk" /><summary type="html">Join us for Thursday - Tea Time Tipple</summary></entry><entry><title type="html">Friday - Board Games</title><link href="http://localhost:4000/pubs/the-bull-and-dog-ormskirk/whats-on/friday.html" rel="alternate" type="text/html" title="Friday - Board Games" /><published>2018-05-02T12:14:30+01:00</published><updated>2018-05-02T12:14:30+01:00</updated><id>http://localhost:4000/pubs/the-bull-and-dog-ormskirk/whats-on/Friday</id><content type="html" xml:base="http://localhost:4000/pubs/the-bull-and-dog-ormskirk/whats-on/friday.html">&lt;h2&gt;Join us for Friday - Board Games&lt;/h2&gt;</content><author><name>Design &amp; Develpment by James Goldsworthy for Punch</name></author><category term="ROTW" /><category term="Monday" /><category term="the-bull-and-dog-ormskirk" /><summary type="html">Join us for Friday - Board Games</summary></entry><entry><title type="html">Saturday - Cheese &amp;amp; Banter</title><link href="http://localhost:4000/pubs/the-bull-and-dog-ormskirk/whats-on/saturday.html" rel="alternate" type="text/html" title="Saturday - Cheese &amp; Banter" /><published>2018-05-02T12:14:30+01:00</published><updated>2018-05-02T12:14:30+01:00</updated><id>http://localhost:4000/pubs/the-bull-and-dog-ormskirk/whats-on/Saturday</id><content type="html" xml:base="http://localhost:4000/pubs/the-bull-and-dog-ormskirk/whats-on/saturday.html">&lt;h2&gt;Join us for Saturday - Cheese &amp;amp; Banter&lt;/h2&gt;</content><author><name>Design &amp; Develpment by James Goldsworthy for Punch</name></author><category term="ROTW" /><category term="Monday" /><category term="the-bull-and-dog-ormskirk" /><summary type="html">Join us for Saturday - Cheese &amp;amp; Banter</summary></entry><entry><title type="html">Bull &amp;amp; Dog readies for opening day</title><link href="http://localhost:4000/2018/05/Bull-&-Dog-readies-for-openning-day.html" rel="alternate" type="text/html" title="Bull &amp; Dog readies for opening day" /><published>2018-05-02T12:14:30+01:00</published><updated>2018-05-02T12:14:30+01:00</updated><id>http://localhost:4000/2018/05/Bull%20&amp;%20Dog%20readies%20for%20openning%20day</id><content type="html" xml:base="http://localhost:4000/2018/05/Bull-&amp;-Dog-readies-for-openning-day.html">&lt;p&gt;The first of the Our Local sites opens this Friday (4th May) in the north west of England, and we can’t wait! 
Located on Liverpool Road in Burscough, the Bull &amp;amp; Dog has undergone a significant refurbishment to make it a home from home – a proper&lt;!--more--&gt; local pub.&lt;/p&gt;

&lt;p&gt;The refurbishment includes furniture being replaced, the outside of the pub being re-painted, and a new play area being constructed!
New publicans Sabrina and Richie have lived in nearby Ormskirk for over 20 years and have a wide background in the local area – including running a plumbing and heating business.
Joining the couple in the pub will be two of their five children – with son Billy working behind the bar and younger son Tommy in the kitchen! 
The Bull &amp;amp; Dog opens its doors to the public on Friday – come on down and see what it’s all about.&lt;/p&gt;</content><author><name>Jake</name></author><category term="our-local" /><summary type="html">The first of the Our Local sites opens this Friday (4th May) in the north west of England, and we can’t wait! Located on Liverpool Road in Burscough, the Bull &amp;amp; Dog has undergone a significant refurbishment to make it a home from home – a proper</summary></entry><entry><title type="html">Sunday - Roast Dinner</title><link href="http://localhost:4000/pubs/the-bull-and-dog-ormskirk/whats-on/saturday.html" rel="alternate" type="text/html" title="Sunday - Roast Dinner" /><published>2018-05-02T12:14:30+01:00</published><updated>2018-05-02T12:14:30+01:00</updated><id>http://localhost:4000/pubs/the-bull-and-dog-ormskirk/whats-on/Sunday</id><content type="html" xml:base="http://localhost:4000/pubs/the-bull-and-dog-ormskirk/whats-on/saturday.html">&lt;h2&gt;Join us for Sunday - Roast Dinner&lt;/h2&gt;</content><author><name>Design &amp; Develpment by James Goldsworthy for Punch</name></author><category term="ROTW" /><category term="Monday" /><category term="the-bull-and-dog-ormskirk" /><summary type="html">Join us for Sunday - Roast Dinner</summary></entry><entry><title type="html">Welcome to Jekyll!</title><link href="http://localhost:4000/2018/04/welcome-to-jekyll.html" rel="alternate" type="text/html" title="Welcome to Jekyll!" /><published>2018-04-05T12:14:30+01:00</published><updated>2018-04-05T12:14:30+01:00</updated><id>http://localhost:4000/2018/04/welcome-to-jekyll</id><content type="html" xml:base="http://localhost:4000/2018/04/welcome-to-jekyll.html">&lt;p&gt;You’ll find this post in your &lt;code class=&quot;highlighter-rouge&quot;&gt;_posts&lt;/code&gt; directory. Go ahead and edit it and re-build the site to see your changes. You can rebuild the site in many different ways, but the most common way is to run &lt;code class=&quot;highlighter-rouge&quot;&gt;jekyll serve&lt;/code&gt;, which launches a web server and auto-regenerates your site when a file is updated.&lt;/p&gt;

&lt;p&gt;To add new posts, simply add a file in the &lt;code class=&quot;highlighter-rouge&quot;&gt;_posts&lt;/code&gt; directory that follows the convention &lt;code class=&quot;highlighter-rouge&quot;&gt;YYYY-MM-DD-name-of-post.ext&lt;/code&gt; and includes the necessary front matter. Take a look at the source for this post to get an idea about how it works.&lt;/p&gt;

&lt;p&gt;Jekyll also offers powerful support for code snippets:&lt;/p&gt;

&lt;figure class=&quot;highlight&quot;&gt;&lt;pre&gt;&lt;code class=&quot;language-ruby&quot; data-lang=&quot;ruby&quot;&gt;&lt;span class=&quot;k&quot;&gt;def&lt;/span&gt; &lt;span class=&quot;nf&quot;&gt;print_hi&lt;/span&gt;&lt;span class=&quot;p&quot;&gt;(&lt;/span&gt;&lt;span class=&quot;nb&quot;&gt;name&lt;/span&gt;&lt;span class=&quot;p&quot;&gt;)&lt;/span&gt;
  &lt;span class=&quot;nb&quot;&gt;puts&lt;/span&gt; &lt;span class=&quot;s2&quot;&gt;&quot;Hi, &lt;/span&gt;&lt;span class=&quot;si&quot;&gt;#{&lt;/span&gt;&lt;span class=&quot;nb&quot;&gt;name&lt;/span&gt;&lt;span class=&quot;si&quot;&gt;}&lt;/span&gt;&lt;span class=&quot;s2&quot;&gt;&quot;&lt;/span&gt;
&lt;span class=&quot;k&quot;&gt;end&lt;/span&gt;
&lt;span class=&quot;n&quot;&gt;print_hi&lt;/span&gt;&lt;span class=&quot;p&quot;&gt;(&lt;/span&gt;&lt;span class=&quot;s1&quot;&gt;'Tom'&lt;/span&gt;&lt;span class=&quot;p&quot;&gt;)&lt;/span&gt;
&lt;span class=&quot;c1&quot;&gt;#=&amp;gt; prints 'Hi, Tom' to STDOUT.&lt;/span&gt;&lt;/code&gt;&lt;/pre&gt;&lt;/figure&gt;

&lt;p&gt;Check out the &lt;a href=&quot;https://jekyllrb.com/docs/home&quot;&gt;Jekyll docs&lt;/a&gt; for more info on how to get the most out of Jekyll. File all bugs/feature requests at &lt;a href=&quot;https://github.com/jekyll/jekyll&quot;&gt;Jekyll’s GitHub repo&lt;/a&gt;. If you have questions, you can ask them on &lt;a href=&quot;https://talk.jekyllrb.com/&quot;&gt;Jekyll Talk&lt;/a&gt;.&lt;/p&gt;</content><author><name>Design &amp; Develpment by James Goldsworthy for Punch</name></author><summary type="html">You’ll find this post in your _posts directory. Go ahead and edit it and re-build the site to see your changes. You can rebuild the site in many different ways, but the most common way is to run jekyll serve, which launches a web server and auto-regenerates your site when a file is updated.</summary></entry></feed>