{
  "type": "FeatureCollection", 
  "features": [
    {
      "geometry": {
        "type": "Point", 
        "coordinates": [
          -2.861608,
          53.5877643
        ]
      }, 
      "type": "Feature", 
      "properties": {
        "category": "Public House", 
        "hours": "12:00 noon - 12:00 midnight", 
        "description": "A friendly welcome from the heart of the community", 
        "name": "The Bull & Dog Inn", 
        "phone": "01704 895 798",
        "web": "<a href=\"locations.html#680268\">View this Pub</a>"

      }
    },

    {
      "geometry": {
        "type": "Point", 
        "coordinates": [
          -1.1348314,
           50.8118576  
        ]
      }, 
      "type": "Feature", 
      "properties": {
        "category": "Public House", 
        "hours": "12:00 noon - 12:00 midnight", 
        "description": "A warm welcome, great pint and views over Portsmouth Harbour", 
        "name": "The Jolly Roger, Gosport", 
        "phone": "023 9258 2584",
        "web": "<a href=\"http://www.OurLocal.pub\">OurLocal</a>"

      }
    }             
    ]
}
