{
  "type": "FeatureCollection", 
  "features": [
    {
      "geometry": {
        "type": "Point", 
        "coordinates": [
          -2.861608,
          53.5877643
        ]
      }, 
      "type": "Feature", 
      "properties": {
        "category": "Public House", 
        "hours": "12:00 noon - 12:00 midnight", 
        "description": "A friendly welcome from the heart of the community", 
        "name": "The Bull & Dog Inn", 
        "phone": "01704 895 798"

      }
    }

    
                 
    ]
}
