Course,MenuSection,MenuSectionDescription,DishName,DishDescription,Options-why-not-add,Price,HighlightYes,AdditionalClass
Lunch Club,,Two dishes for £14,,,,,,
,,,BANGERS AND MASH,"Butcher's pork sausage with spring onion mash, garden peas and gravy",,,,
,,,WHITBY SCAMPI AND CHIPS,"Whitby wholetail scampi served with chunky chips, a charred lemon wedge and garden or mushy peas and tartare sauce",,,,
,,,GARLIC CHICKEN SALAD,A fresh and crunchy salad base with a Mediterranean tabbouleh topped with crispy garlic chicken,,,,
,,,BACON CHOP AND FREE-RANGE FRIED EGG,"Served with chunky chips, grilled tomato and garden peas",,,,
,,,SOUTHERN FRIED CHICKEN BURGER,"Chicken filllet, hand coated and southern fried with a Cajun drizzle. Served in a toasted bun with lettuce, red onion and tomato. Served with chunky chips and coleslaw",,,,
,,,BEETROOT AND HORSERADISH FLATBREAD (V),"Freshly made flatbread topped with tabbouleh, seasonal salad and a beetroot, carrot, horseradish and sunflower seed mix",,,,
,,,,,,,,
,,,,,,,,