Course,MenuSection,MenuSectionDescription,DishName,DishDescription,Options-why-not-add,Price,HighlightYes,AdditionalClass
Starters,,,,,,,,
,,,SOUP OF THE DAY (V),Warming soup with a freshly baked ciabatta roll,,,,
,,,PRAWN COCKTAIL,Atlantic prawns in a rich seafood sauce served on a cos lettuce salad with farmhouse bread and butter,,,,
,,,STILTON AND GARLIC MUSHROOMS (V),"Button mushrooms pan fried in a rich garlic, cream and Stilton sauce served on toasted ciabatta",,,,
,,,HAND COATED SOUTHERN FRIED CHICKEN,"Tender chicken breast strips, hand coated in a crispy southern fried crumb with delicious chicken gravy",,,Y,
,,,CALAMARI,Lightly coated calamari with a paprika seasoning and garlic mayonnaise,,,,
,,,HALLOUMI STICKS (V),Halloumi sticks in a crispy crumb served with a sweet chilli dip,,,,
,,,BBQ CHICKEN SKEWERS,"Chicken breast strips marinated in a paprika seasoning, drizzled with BBQ sauce served on  bed of salad",,,,