{
  "type": "FeatureCollection", 
  "features": [
       {
      "geometry": {
        "type": "Point", 
        "coordinates": [
		-2.4287149,
        53.0567593
        ]
      }, 
      "type": "Feature", 
      "properties": {
        "category": "Public House", 
        "hours": "12:00 noon - 11:00pm", 
        "description": "Our staff are looking forward to serving you with our new fantastic range of drinks, great offers, delicious menu and events.", 
        "name": "The White Hart",
        "phone": "01270 841467",
        "web": "<a href=\"#680333\" class=\"viewit\">View this Pub</a>"

      }
    }
    
    ]
}


